taxa_id;W;detected_0.9;detected_0.8;detected_0.7;detected_0.6
Otu0001;0;FALSE;FALSE;FALSE;FALSE
Otu0002;10;FALSE;FALSE;FALSE;FALSE
Otu0003;0;FALSE;FALSE;FALSE;FALSE
Otu0004;434;FALSE;FALSE;TRUE;TRUE
Otu0005;0;FALSE;FALSE;FALSE;FALSE
Otu0006;3;FALSE;FALSE;FALSE;FALSE
Otu0007;0;FALSE;FALSE;FALSE;FALSE
Otu0008;2;FALSE;FALSE;FALSE;FALSE
Otu0009;0;FALSE;FALSE;FALSE;FALSE
Otu0010;0;FALSE;FALSE;FALSE;FALSE
Otu0011;233;FALSE;FALSE;FALSE;FALSE
Otu0012;0;FALSE;FALSE;FALSE;FALSE
Otu0013;0;FALSE;FALSE;FALSE;FALSE
Otu0014;0;FALSE;FALSE;FALSE;FALSE
Otu0015;0;FALSE;FALSE;FALSE;FALSE
Otu0016;1;FALSE;FALSE;FALSE;FALSE
Otu0017;0;FALSE;FALSE;FALSE;FALSE
Otu0019;426;FALSE;FALSE;TRUE;TRUE
Otu0020;0;FALSE;FALSE;FALSE;FALSE
Otu0021;0;FALSE;FALSE;FALSE;FALSE
Otu0022;2;FALSE;FALSE;FALSE;FALSE
Otu0023;0;FALSE;FALSE;FALSE;FALSE
Otu0024;0;FALSE;FALSE;FALSE;FALSE
Otu0026;0;FALSE;FALSE;FALSE;FALSE
Otu0027;2;FALSE;FALSE;FALSE;FALSE
Otu0028;0;FALSE;FALSE;FALSE;FALSE
Otu0029;0;FALSE;FALSE;FALSE;FALSE
Otu0030;4;FALSE;FALSE;FALSE;FALSE
Otu0031;2;FALSE;FALSE;FALSE;FALSE
Otu0032;481;FALSE;TRUE;TRUE;TRUE
Otu0033;0;FALSE;FALSE;FALSE;FALSE
Otu0034;1;FALSE;FALSE;FALSE;FALSE
Otu0035;0;FALSE;FALSE;FALSE;FALSE
Otu0036;0;FALSE;FALSE;FALSE;FALSE
Otu0037;0;FALSE;FALSE;FALSE;FALSE
Otu0038;0;FALSE;FALSE;FALSE;FALSE
Otu0039;0;FALSE;FALSE;FALSE;FALSE
Otu0040;0;FALSE;FALSE;FALSE;FALSE
Otu0041;317;FALSE;FALSE;FALSE;FALSE
Otu0042;527;FALSE;TRUE;TRUE;TRUE
Otu0043;0;FALSE;FALSE;FALSE;FALSE
Otu0044;1;FALSE;FALSE;FALSE;FALSE
Otu0045;0;FALSE;FALSE;FALSE;FALSE
Otu0046;0;FALSE;FALSE;FALSE;FALSE
Otu0047;Inf;TRUE;TRUE;TRUE;TRUE
Otu0048;0;FALSE;FALSE;FALSE;FALSE
Otu0049;0;FALSE;FALSE;FALSE;FALSE
Otu0050;0;FALSE;FALSE;FALSE;FALSE
Otu0051;0;FALSE;FALSE;FALSE;FALSE
Otu0052;0;FALSE;FALSE;FALSE;FALSE
Otu0053;0;FALSE;FALSE;FALSE;FALSE
Otu0054;374;FALSE;FALSE;FALSE;TRUE
Otu0055;0;FALSE;FALSE;FALSE;FALSE
Otu0056;3;FALSE;FALSE;FALSE;FALSE
Otu0057;0;FALSE;FALSE;FALSE;FALSE
Otu0058;0;FALSE;FALSE;FALSE;FALSE
Otu0059;0;FALSE;FALSE;FALSE;FALSE
Otu0060;0;FALSE;FALSE;FALSE;FALSE
Otu0062;0;FALSE;FALSE;FALSE;FALSE
Otu0063;0;FALSE;FALSE;FALSE;FALSE
Otu0064;0;FALSE;FALSE;FALSE;FALSE
Otu0065;276;FALSE;FALSE;FALSE;FALSE
Otu0066;0;FALSE;FALSE;FALSE;FALSE
Otu0067;445;FALSE;FALSE;TRUE;TRUE
Otu0068;0;FALSE;FALSE;FALSE;FALSE
Otu0069;5;FALSE;FALSE;FALSE;FALSE
Otu0070;0;FALSE;FALSE;FALSE;FALSE
Otu0071;443;FALSE;FALSE;TRUE;TRUE
Otu0072;0;FALSE;FALSE;FALSE;FALSE
Otu0073;0;FALSE;FALSE;FALSE;FALSE
Otu0074;0;FALSE;FALSE;FALSE;FALSE
Otu0075;0;FALSE;FALSE;FALSE;FALSE
Otu0076;0;FALSE;FALSE;FALSE;FALSE
Otu0077;0;FALSE;FALSE;FALSE;FALSE
Otu0078;0;FALSE;FALSE;FALSE;FALSE
Otu0079;0;FALSE;FALSE;FALSE;FALSE
Otu0080;0;FALSE;FALSE;FALSE;FALSE
Otu0081;172;FALSE;FALSE;FALSE;FALSE
Otu0082;0;FALSE;FALSE;FALSE;FALSE
Otu0083;0;FALSE;FALSE;FALSE;FALSE
Otu0084;0;FALSE;FALSE;FALSE;FALSE
Otu0085;0;FALSE;FALSE;FALSE;FALSE
Otu0086;0;FALSE;FALSE;FALSE;FALSE
Otu0087;0;FALSE;FALSE;FALSE;FALSE
Otu0088;141;FALSE;FALSE;FALSE;FALSE
Otu0089;0;FALSE;FALSE;FALSE;FALSE
Otu0090;0;FALSE;FALSE;FALSE;FALSE
Otu0091;0;FALSE;FALSE;FALSE;FALSE
Otu0092;0;FALSE;FALSE;FALSE;FALSE
Otu0093;0;FALSE;FALSE;FALSE;FALSE
Otu0094;0;FALSE;FALSE;FALSE;FALSE
Otu0095;0;FALSE;FALSE;FALSE;FALSE
Otu0096;0;FALSE;FALSE;FALSE;FALSE
Otu0097;393;FALSE;FALSE;FALSE;TRUE
Otu0098;0;FALSE;FALSE;FALSE;FALSE
Otu0099;0;FALSE;FALSE;FALSE;FALSE
Otu0100;0;FALSE;FALSE;FALSE;FALSE
Otu0101;0;FALSE;FALSE;FALSE;FALSE
Otu0104;0;FALSE;FALSE;FALSE;FALSE
Otu0105;562;TRUE;TRUE;TRUE;TRUE
Otu0106;0;FALSE;FALSE;FALSE;FALSE
Otu0107;0;FALSE;FALSE;FALSE;FALSE
Otu0108;0;FALSE;FALSE;FALSE;FALSE
Otu0109;0;FALSE;FALSE;FALSE;FALSE
Otu0110;248;FALSE;FALSE;FALSE;FALSE
Otu0111;0;FALSE;FALSE;FALSE;FALSE
Otu0112;0;FALSE;FALSE;FALSE;FALSE
Otu0113;233;FALSE;FALSE;FALSE;FALSE
Otu0114;0;FALSE;FALSE;FALSE;FALSE
Otu0115;0;FALSE;FALSE;FALSE;FALSE
Otu0116;0;FALSE;FALSE;FALSE;FALSE
Otu0117;0;FALSE;FALSE;FALSE;FALSE
Otu0118;524;FALSE;TRUE;TRUE;TRUE
Otu0119;0;FALSE;FALSE;FALSE;FALSE
Otu0120;0;FALSE;FALSE;FALSE;FALSE
Otu0121;469;FALSE;FALSE;TRUE;TRUE
Otu0122;0;FALSE;FALSE;FALSE;FALSE
Otu0123;0;FALSE;FALSE;FALSE;FALSE
Otu0124;0;FALSE;FALSE;FALSE;FALSE
Otu0125;0;FALSE;FALSE;FALSE;FALSE
Otu0126;Inf;TRUE;TRUE;TRUE;TRUE
Otu0127;0;FALSE;FALSE;FALSE;FALSE
Otu0128;0;FALSE;FALSE;FALSE;FALSE
Otu0129;0;FALSE;FALSE;FALSE;FALSE
Otu0130;0;FALSE;FALSE;FALSE;FALSE
Otu0132;0;FALSE;FALSE;FALSE;FALSE
Otu0133;0;FALSE;FALSE;FALSE;FALSE
Otu0134;0;FALSE;FALSE;FALSE;FALSE
Otu0135;0;FALSE;FALSE;FALSE;FALSE
Otu0137;400;FALSE;FALSE;FALSE;TRUE
Otu0140;0;FALSE;FALSE;FALSE;FALSE
Otu0141;0;FALSE;FALSE;FALSE;FALSE
Otu0142;0;FALSE;FALSE;FALSE;FALSE
Otu0143;Inf;TRUE;TRUE;TRUE;TRUE
Otu0144;0;FALSE;FALSE;FALSE;FALSE
Otu0145;0;FALSE;FALSE;FALSE;FALSE
Otu0146;0;FALSE;FALSE;FALSE;FALSE
Otu0148;0;FALSE;FALSE;FALSE;FALSE
Otu0149;0;FALSE;FALSE;FALSE;FALSE
Otu0151;0;FALSE;FALSE;FALSE;FALSE
Otu0152;0;FALSE;FALSE;FALSE;FALSE
Otu0154;0;FALSE;FALSE;FALSE;FALSE
Otu0155;Inf;TRUE;TRUE;TRUE;TRUE
Otu0156;0;FALSE;FALSE;FALSE;FALSE
Otu0157;0;FALSE;FALSE;FALSE;FALSE
Otu0158;464;FALSE;FALSE;TRUE;TRUE
Otu0159;0;FALSE;FALSE;FALSE;FALSE
Otu0160;0;FALSE;FALSE;FALSE;FALSE
Otu0162;0;FALSE;FALSE;FALSE;FALSE
Otu0163;0;FALSE;FALSE;FALSE;FALSE
Otu0164;0;FALSE;FALSE;FALSE;FALSE
Otu0165;0;FALSE;FALSE;FALSE;FALSE
Otu0166;0;FALSE;FALSE;FALSE;FALSE
Otu0167;0;FALSE;FALSE;FALSE;FALSE
Otu0168;Inf;TRUE;TRUE;TRUE;TRUE
Otu0169;0;FALSE;FALSE;FALSE;FALSE
Otu0170;0;FALSE;FALSE;FALSE;FALSE
Otu0171;Inf;TRUE;TRUE;TRUE;TRUE
Otu0172;0;FALSE;FALSE;FALSE;FALSE
Otu0174;237;FALSE;FALSE;FALSE;FALSE
Otu0175;0;FALSE;FALSE;FALSE;FALSE
Otu0176;Inf;TRUE;TRUE;TRUE;TRUE
Otu0177;0;FALSE;FALSE;FALSE;FALSE
Otu0178;0;FALSE;FALSE;FALSE;FALSE
Otu0179;0;FALSE;FALSE;FALSE;FALSE
Otu0180;0;FALSE;FALSE;FALSE;FALSE
Otu0182;0;FALSE;FALSE;FALSE;FALSE
Otu0184;0;FALSE;FALSE;FALSE;FALSE
Otu0185;0;FALSE;FALSE;FALSE;FALSE
Otu0186;0;FALSE;FALSE;FALSE;FALSE
Otu0187;0;FALSE;FALSE;FALSE;FALSE
Otu0188;0;FALSE;FALSE;FALSE;FALSE
Otu0189;0;FALSE;FALSE;FALSE;FALSE
Otu0190;0;FALSE;FALSE;FALSE;FALSE
Otu0191;0;FALSE;FALSE;FALSE;FALSE
Otu0192;375;FALSE;FALSE;FALSE;TRUE
Otu0193;0;FALSE;FALSE;FALSE;FALSE
Otu0194;0;FALSE;FALSE;FALSE;FALSE
Otu0195;0;FALSE;FALSE;FALSE;FALSE
Otu0196;0;FALSE;FALSE;FALSE;FALSE
Otu0197;Inf;TRUE;TRUE;TRUE;TRUE
Otu0198;0;FALSE;FALSE;FALSE;FALSE
Otu0199;0;FALSE;FALSE;FALSE;FALSE
Otu0200;0;FALSE;FALSE;FALSE;FALSE
Otu0201;0;FALSE;FALSE;FALSE;FALSE
Otu0202;0;FALSE;FALSE;FALSE;FALSE
Otu0203;0;FALSE;FALSE;FALSE;FALSE
Otu0204;0;FALSE;FALSE;FALSE;FALSE
Otu0205;0;FALSE;FALSE;FALSE;FALSE
Otu0207;0;FALSE;FALSE;FALSE;FALSE
Otu0208;0;FALSE;FALSE;FALSE;FALSE
Otu0209;0;FALSE;FALSE;FALSE;FALSE
Otu0210;0;FALSE;FALSE;FALSE;FALSE
Otu0212;0;FALSE;FALSE;FALSE;FALSE
Otu0213;0;FALSE;FALSE;FALSE;FALSE
Otu0215;0;FALSE;FALSE;FALSE;FALSE
Otu0216;303;FALSE;FALSE;FALSE;FALSE
Otu0218;0;FALSE;FALSE;FALSE;FALSE
Otu0219;0;FALSE;FALSE;FALSE;FALSE
Otu0220;0;FALSE;FALSE;FALSE;FALSE
Otu0221;0;FALSE;FALSE;FALSE;FALSE
Otu0222;0;FALSE;FALSE;FALSE;FALSE
Otu0223;0;FALSE;FALSE;FALSE;FALSE
Otu0224;Inf;TRUE;TRUE;TRUE;TRUE
Otu0226;0;FALSE;FALSE;FALSE;FALSE
Otu0227;0;FALSE;FALSE;FALSE;FALSE
Otu0228;0;FALSE;FALSE;FALSE;FALSE
Otu0229;0;FALSE;FALSE;FALSE;FALSE
Otu0230;0;FALSE;FALSE;FALSE;FALSE
Otu0231;0;FALSE;FALSE;FALSE;FALSE
Otu0233;0;FALSE;FALSE;FALSE;FALSE
Otu0234;0;FALSE;FALSE;FALSE;FALSE
Otu0235;0;FALSE;FALSE;FALSE;FALSE
Otu0236;0;FALSE;FALSE;FALSE;FALSE
Otu0237;0;FALSE;FALSE;FALSE;FALSE
Otu0238;Inf;TRUE;TRUE;TRUE;TRUE
Otu0239;0;FALSE;FALSE;FALSE;FALSE
Otu0240;0;FALSE;FALSE;FALSE;FALSE
Otu0241;0;FALSE;FALSE;FALSE;FALSE
Otu0243;0;FALSE;FALSE;FALSE;FALSE
Otu0245;0;FALSE;FALSE;FALSE;FALSE
Otu0246;0;FALSE;FALSE;FALSE;FALSE
Otu0247;0;FALSE;FALSE;FALSE;FALSE
Otu0248;0;FALSE;FALSE;FALSE;FALSE
Otu0249;0;FALSE;FALSE;FALSE;FALSE
Otu0250;0;FALSE;FALSE;FALSE;FALSE
Otu0251;0;FALSE;FALSE;FALSE;FALSE
Otu0252;0;FALSE;FALSE;FALSE;FALSE
Otu0253;0;FALSE;FALSE;FALSE;FALSE
Otu0255;0;FALSE;FALSE;FALSE;FALSE
Otu0257;0;FALSE;FALSE;FALSE;FALSE
Otu0259;0;FALSE;FALSE;FALSE;FALSE
Otu0260;Inf;TRUE;TRUE;TRUE;TRUE
Otu0261;0;FALSE;FALSE;FALSE;FALSE
Otu0262;0;FALSE;FALSE;FALSE;FALSE
Otu0263;0;FALSE;FALSE;FALSE;FALSE
Otu0264;0;FALSE;FALSE;FALSE;FALSE
Otu0265;0;FALSE;FALSE;FALSE;FALSE
Otu0266;0;FALSE;FALSE;FALSE;FALSE
Otu0267;Inf;TRUE;TRUE;TRUE;TRUE
Otu0268;0;FALSE;FALSE;FALSE;FALSE
Otu0269;0;FALSE;FALSE;FALSE;FALSE
Otu0270;0;FALSE;FALSE;FALSE;FALSE
Otu0271;0;FALSE;FALSE;FALSE;FALSE
Otu0272;0;FALSE;FALSE;FALSE;FALSE
Otu0273;0;FALSE;FALSE;FALSE;FALSE
Otu0274;Inf;TRUE;TRUE;TRUE;TRUE
Otu0275;0;FALSE;FALSE;FALSE;FALSE
Otu0276;0;FALSE;FALSE;FALSE;FALSE
Otu0278;0;FALSE;FALSE;FALSE;FALSE
Otu0280;0;FALSE;FALSE;FALSE;FALSE
Otu0282;0;FALSE;FALSE;FALSE;FALSE
Otu0283;Inf;TRUE;TRUE;TRUE;TRUE
Otu0284;461;FALSE;FALSE;TRUE;TRUE
Otu0285;0;FALSE;FALSE;FALSE;FALSE
Otu0286;0;FALSE;FALSE;FALSE;FALSE
Otu0287;0;FALSE;FALSE;FALSE;FALSE
Otu0288;0;FALSE;FALSE;FALSE;FALSE
Otu0289;0;FALSE;FALSE;FALSE;FALSE
Otu0290;0;FALSE;FALSE;FALSE;FALSE
Otu0291;0;FALSE;FALSE;FALSE;FALSE
Otu0292;0;FALSE;FALSE;FALSE;FALSE
Otu0293;Inf;TRUE;TRUE;TRUE;TRUE
Otu0294;0;FALSE;FALSE;FALSE;FALSE
Otu0297;0;FALSE;FALSE;FALSE;FALSE
Otu0298;0;FALSE;FALSE;FALSE;FALSE
Otu0299;0;FALSE;FALSE;FALSE;FALSE
Otu0301;0;FALSE;FALSE;FALSE;FALSE
Otu0302;0;FALSE;FALSE;FALSE;FALSE
Otu0305;0;FALSE;FALSE;FALSE;FALSE
Otu0309;0;FALSE;FALSE;FALSE;FALSE
Otu0310;0;FALSE;FALSE;FALSE;FALSE
Otu0312;0;FALSE;FALSE;FALSE;FALSE
Otu0314;0;FALSE;FALSE;FALSE;FALSE
Otu0315;0;FALSE;FALSE;FALSE;FALSE
Otu0316;Inf;TRUE;TRUE;TRUE;TRUE
Otu0318;0;FALSE;FALSE;FALSE;FALSE
Otu0321;0;FALSE;FALSE;FALSE;FALSE
Otu0322;0;FALSE;FALSE;FALSE;FALSE
Otu0323;0;FALSE;FALSE;FALSE;FALSE
Otu0324;0;FALSE;FALSE;FALSE;FALSE
Otu0325;Inf;TRUE;TRUE;TRUE;TRUE
Otu0326;0;FALSE;FALSE;FALSE;FALSE
Otu0327;0;FALSE;FALSE;FALSE;FALSE
Otu0329;Inf;TRUE;TRUE;TRUE;TRUE
Otu0330;0;FALSE;FALSE;FALSE;FALSE
Otu0331;0;FALSE;FALSE;FALSE;FALSE
Otu0332;0;FALSE;FALSE;FALSE;FALSE
Otu0333;198;FALSE;FALSE;FALSE;FALSE
Otu0334;0;FALSE;FALSE;FALSE;FALSE
Otu0335;0;FALSE;FALSE;FALSE;FALSE
Otu0336;0;FALSE;FALSE;FALSE;FALSE
Otu0338;0;FALSE;FALSE;FALSE;FALSE
Otu0339;0;FALSE;FALSE;FALSE;FALSE
Otu0340;0;FALSE;FALSE;FALSE;FALSE
Otu0341;0;FALSE;FALSE;FALSE;FALSE
Otu0342;0;FALSE;FALSE;FALSE;FALSE
Otu0344;0;FALSE;FALSE;FALSE;FALSE
Otu0347;0;FALSE;FALSE;FALSE;FALSE
Otu0348;0;FALSE;FALSE;FALSE;FALSE
Otu0349;351;FALSE;FALSE;FALSE;FALSE
Otu0351;0;FALSE;FALSE;FALSE;FALSE
Otu0352;0;FALSE;FALSE;FALSE;FALSE
Otu0354;0;FALSE;FALSE;FALSE;FALSE
Otu0355;0;FALSE;FALSE;FALSE;FALSE
Otu0356;0;FALSE;FALSE;FALSE;FALSE
Otu0357;Inf;TRUE;TRUE;TRUE;TRUE
Otu0358;0;FALSE;FALSE;FALSE;FALSE
Otu0360;0;FALSE;FALSE;FALSE;FALSE
Otu0361;0;FALSE;FALSE;FALSE;FALSE
Otu0362;0;FALSE;FALSE;FALSE;FALSE
Otu0363;0;FALSE;FALSE;FALSE;FALSE
Otu0364;0;FALSE;FALSE;FALSE;FALSE
Otu0365;0;FALSE;FALSE;FALSE;FALSE
Otu0366;0;FALSE;FALSE;FALSE;FALSE
Otu0367;180;FALSE;FALSE;FALSE;FALSE
Otu0368;0;FALSE;FALSE;FALSE;FALSE
Otu0369;0;FALSE;FALSE;FALSE;FALSE
Otu0370;0;FALSE;FALSE;FALSE;FALSE
Otu0371;0;FALSE;FALSE;FALSE;FALSE
Otu0372;0;FALSE;FALSE;FALSE;FALSE
Otu0376;0;FALSE;FALSE;FALSE;FALSE
Otu0377;0;FALSE;FALSE;FALSE;FALSE
Otu0378;0;FALSE;FALSE;FALSE;FALSE
Otu0379;Inf;TRUE;TRUE;TRUE;TRUE
Otu0381;0;FALSE;FALSE;FALSE;FALSE
Otu0382;0;FALSE;FALSE;FALSE;FALSE
Otu0383;0;FALSE;FALSE;FALSE;FALSE
Otu0384;0;FALSE;FALSE;FALSE;FALSE
Otu0385;0;FALSE;FALSE;FALSE;FALSE
Otu0387;Inf;TRUE;TRUE;TRUE;TRUE
Otu0389;0;FALSE;FALSE;FALSE;FALSE
Otu0390;0;FALSE;FALSE;FALSE;FALSE
Otu0391;0;FALSE;FALSE;FALSE;FALSE
Otu0392;0;FALSE;FALSE;FALSE;FALSE
Otu0393;0;FALSE;FALSE;FALSE;FALSE
Otu0394;0;FALSE;FALSE;FALSE;FALSE
Otu0395;0;FALSE;FALSE;FALSE;FALSE
Otu0396;0;FALSE;FALSE;FALSE;FALSE
Otu0397;0;FALSE;FALSE;FALSE;FALSE
Otu0398;0;FALSE;FALSE;FALSE;FALSE
Otu0399;0;FALSE;FALSE;FALSE;FALSE
Otu0400;Inf;TRUE;TRUE;TRUE;TRUE
Otu0401;Inf;TRUE;TRUE;TRUE;TRUE
Otu0402;0;FALSE;FALSE;FALSE;FALSE
Otu0403;0;FALSE;FALSE;FALSE;FALSE
Otu0404;Inf;TRUE;TRUE;TRUE;TRUE
Otu0408;0;FALSE;FALSE;FALSE;FALSE
Otu0409;0;FALSE;FALSE;FALSE;FALSE
Otu0410;0;FALSE;FALSE;FALSE;FALSE
Otu0411;0;FALSE;FALSE;FALSE;FALSE
Otu0412;0;FALSE;FALSE;FALSE;FALSE
Otu0414;Inf;TRUE;TRUE;TRUE;TRUE
Otu0416;Inf;TRUE;TRUE;TRUE;TRUE
Otu0417;0;FALSE;FALSE;FALSE;FALSE
Otu0418;Inf;TRUE;TRUE;TRUE;TRUE
Otu0419;0;FALSE;FALSE;FALSE;FALSE
Otu0423;0;FALSE;FALSE;FALSE;FALSE
Otu0425;0;FALSE;FALSE;FALSE;FALSE
Otu0426;Inf;TRUE;TRUE;TRUE;TRUE
Otu0428;0;FALSE;FALSE;FALSE;FALSE
Otu0429;114;FALSE;FALSE;FALSE;FALSE
Otu0431;0;FALSE;FALSE;FALSE;FALSE
Otu0432;0;FALSE;FALSE;FALSE;FALSE
Otu0433;0;FALSE;FALSE;FALSE;FALSE
Otu0434;0;FALSE;FALSE;FALSE;FALSE
Otu0435;0;FALSE;FALSE;FALSE;FALSE
Otu0436;Inf;TRUE;TRUE;TRUE;TRUE
Otu0437;Inf;TRUE;TRUE;TRUE;TRUE
Otu0438;0;FALSE;FALSE;FALSE;FALSE
Otu0439;0;FALSE;FALSE;FALSE;FALSE
Otu0440;0;FALSE;FALSE;FALSE;FALSE
Otu0441;0;FALSE;FALSE;FALSE;FALSE
Otu0442;0;FALSE;FALSE;FALSE;FALSE
Otu0443;0;FALSE;FALSE;FALSE;FALSE
Otu0445;0;FALSE;FALSE;FALSE;FALSE
Otu0446;0;FALSE;FALSE;FALSE;FALSE
Otu0447;0;FALSE;FALSE;FALSE;FALSE
Otu0449;0;FALSE;FALSE;FALSE;FALSE
Otu0450;Inf;TRUE;TRUE;TRUE;TRUE
Otu0451;0;FALSE;FALSE;FALSE;FALSE
Otu0453;0;FALSE;FALSE;FALSE;FALSE
Otu0455;0;FALSE;FALSE;FALSE;FALSE
Otu0458;0;FALSE;FALSE;FALSE;FALSE
Otu0460;Inf;TRUE;TRUE;TRUE;TRUE
Otu0463;0;FALSE;FALSE;FALSE;FALSE
Otu0465;Inf;TRUE;TRUE;TRUE;TRUE
Otu0468;0;FALSE;FALSE;FALSE;FALSE
Otu0469;Inf;TRUE;TRUE;TRUE;TRUE
Otu0470;0;FALSE;FALSE;FALSE;FALSE
Otu0471;0;FALSE;FALSE;FALSE;FALSE
Otu0472;0;FALSE;FALSE;FALSE;FALSE
Otu0474;0;FALSE;FALSE;FALSE;FALSE
Otu0475;Inf;TRUE;TRUE;TRUE;TRUE
Otu0478;0;FALSE;FALSE;FALSE;FALSE
Otu0479;0;FALSE;FALSE;FALSE;FALSE
Otu0480;0;FALSE;FALSE;FALSE;FALSE
Otu0481;0;FALSE;FALSE;FALSE;FALSE
Otu0484;0;FALSE;FALSE;FALSE;FALSE
Otu0485;Inf;TRUE;TRUE;TRUE;TRUE
Otu0487;0;FALSE;FALSE;FALSE;FALSE
Otu0488;0;FALSE;FALSE;FALSE;FALSE
Otu0490;Inf;TRUE;TRUE;TRUE;TRUE
Otu0493;Inf;TRUE;TRUE;TRUE;TRUE
Otu0494;0;FALSE;FALSE;FALSE;FALSE
Otu0495;0;FALSE;FALSE;FALSE;FALSE
Otu0496;0;FALSE;FALSE;FALSE;FALSE
Otu0497;0;FALSE;FALSE;FALSE;FALSE
Otu0498;0;FALSE;FALSE;FALSE;FALSE
Otu0499;Inf;TRUE;TRUE;TRUE;TRUE
Otu0500;0;FALSE;FALSE;FALSE;FALSE
Otu0501;0;FALSE;FALSE;FALSE;FALSE
Otu0502;0;FALSE;FALSE;FALSE;FALSE
Otu0504;Inf;TRUE;TRUE;TRUE;TRUE
Otu0505;0;FALSE;FALSE;FALSE;FALSE
Otu0506;0;FALSE;FALSE;FALSE;FALSE
Otu0508;0;FALSE;FALSE;FALSE;FALSE
Otu0509;0;FALSE;FALSE;FALSE;FALSE
Otu0510;0;FALSE;FALSE;FALSE;FALSE
Otu0515;0;FALSE;FALSE;FALSE;FALSE
Otu0519;Inf;TRUE;TRUE;TRUE;TRUE
Otu0522;0;FALSE;FALSE;FALSE;FALSE
Otu0523;Inf;TRUE;TRUE;TRUE;TRUE
Otu0525;0;FALSE;FALSE;FALSE;FALSE
Otu0527;0;FALSE;FALSE;FALSE;FALSE
Otu0528;Inf;TRUE;TRUE;TRUE;TRUE
Otu0529;0;FALSE;FALSE;FALSE;FALSE
Otu0531;0;FALSE;FALSE;FALSE;FALSE
Otu0532;0;FALSE;FALSE;FALSE;FALSE
Otu0534;268;FALSE;FALSE;FALSE;FALSE
Otu0536;0;FALSE;FALSE;FALSE;FALSE
Otu0539;0;FALSE;FALSE;FALSE;FALSE
Otu0540;Inf;TRUE;TRUE;TRUE;TRUE
Otu0541;0;FALSE;FALSE;FALSE;FALSE
Otu0545;Inf;TRUE;TRUE;TRUE;TRUE
Otu0551;0;FALSE;FALSE;FALSE;FALSE
Otu0552;Inf;TRUE;TRUE;TRUE;TRUE
Otu0553;Inf;TRUE;TRUE;TRUE;TRUE
Otu0554;0;FALSE;FALSE;FALSE;FALSE
Otu0556;0;FALSE;FALSE;FALSE;FALSE
Otu0557;0;FALSE;FALSE;FALSE;FALSE
Otu0558;0;FALSE;FALSE;FALSE;FALSE
Otu0559;0;FALSE;FALSE;FALSE;FALSE
Otu0560;Inf;TRUE;TRUE;TRUE;TRUE
Otu0562;0;FALSE;FALSE;FALSE;FALSE
Otu0563;Inf;TRUE;TRUE;TRUE;TRUE
Otu0565;0;FALSE;FALSE;FALSE;FALSE
Otu0566;0;FALSE;FALSE;FALSE;FALSE
Otu0568;0;FALSE;FALSE;FALSE;FALSE
Otu0571;0;FALSE;FALSE;FALSE;FALSE
Otu0576;0;FALSE;FALSE;FALSE;FALSE
Otu0577;0;FALSE;FALSE;FALSE;FALSE
Otu0579;0;FALSE;FALSE;FALSE;FALSE
Otu0580;Inf;TRUE;TRUE;TRUE;TRUE
Otu0581;0;FALSE;FALSE;FALSE;FALSE
Otu0586;0;FALSE;FALSE;FALSE;FALSE
Otu0588;0;FALSE;FALSE;FALSE;FALSE
Otu0590;0;FALSE;FALSE;FALSE;FALSE
Otu0592;Inf;TRUE;TRUE;TRUE;TRUE
Otu0595;Inf;TRUE;TRUE;TRUE;TRUE
Otu0597;Inf;TRUE;TRUE;TRUE;TRUE
Otu0598;Inf;TRUE;TRUE;TRUE;TRUE
Otu0601;Inf;TRUE;TRUE;TRUE;TRUE
Otu0602;Inf;TRUE;TRUE;TRUE;TRUE
Otu0603;0;FALSE;FALSE;FALSE;FALSE
Otu0604;0;FALSE;FALSE;FALSE;FALSE
Otu0607;0;FALSE;FALSE;FALSE;FALSE
Otu0608;0;FALSE;FALSE;FALSE;FALSE
Otu0609;0;FALSE;FALSE;FALSE;FALSE
Otu0613;Inf;TRUE;TRUE;TRUE;TRUE
Otu0614;0;FALSE;FALSE;FALSE;FALSE
Otu0615;Inf;TRUE;TRUE;TRUE;TRUE
Otu0616;0;FALSE;FALSE;FALSE;FALSE
Otu0621;Inf;TRUE;TRUE;TRUE;TRUE
Otu0624;0;FALSE;FALSE;FALSE;FALSE
Otu0625;Inf;TRUE;TRUE;TRUE;TRUE
Otu0630;Inf;TRUE;TRUE;TRUE;TRUE
Otu0631;Inf;TRUE;TRUE;TRUE;TRUE
Otu0632;0;FALSE;FALSE;FALSE;FALSE
Otu0633;Inf;TRUE;TRUE;TRUE;TRUE
Otu0635;Inf;TRUE;TRUE;TRUE;TRUE
Otu0637;Inf;TRUE;TRUE;TRUE;TRUE
Otu0642;Inf;TRUE;TRUE;TRUE;TRUE
Otu0643;Inf;TRUE;TRUE;TRUE;TRUE
Otu0644;0;FALSE;FALSE;FALSE;FALSE
Otu0648;Inf;TRUE;TRUE;TRUE;TRUE
Otu0651;0;FALSE;FALSE;FALSE;FALSE
Otu0652;0;FALSE;FALSE;FALSE;FALSE
Otu0653;0;FALSE;FALSE;FALSE;FALSE
Otu0656;0;FALSE;FALSE;FALSE;FALSE
Otu0657;0;FALSE;FALSE;FALSE;FALSE
Otu0658;0;FALSE;FALSE;FALSE;FALSE
Otu0663;Inf;TRUE;TRUE;TRUE;TRUE
Otu0666;0;FALSE;FALSE;FALSE;FALSE
Otu0668;0;FALSE;FALSE;FALSE;FALSE
Otu0669;Inf;TRUE;TRUE;TRUE;TRUE
Otu0671;0;FALSE;FALSE;FALSE;FALSE
Otu0675;Inf;TRUE;TRUE;TRUE;TRUE
Otu0677;0;FALSE;FALSE;FALSE;FALSE
Otu0679;0;FALSE;FALSE;FALSE;FALSE
Otu0681;0;FALSE;FALSE;FALSE;FALSE
Otu0682;0;FALSE;FALSE;FALSE;FALSE
Otu0686;Inf;TRUE;TRUE;TRUE;TRUE
Otu0687;0;FALSE;FALSE;FALSE;FALSE
Otu0690;Inf;TRUE;TRUE;TRUE;TRUE
Otu0692;0;FALSE;FALSE;FALSE;FALSE
Otu0693;0;FALSE;FALSE;FALSE;FALSE
Otu0696;0;FALSE;FALSE;FALSE;FALSE
Otu0697;0;FALSE;FALSE;FALSE;FALSE
Otu0699;0;FALSE;FALSE;FALSE;FALSE
Otu0702;0;FALSE;FALSE;FALSE;FALSE
Otu0704;Inf;TRUE;TRUE;TRUE;TRUE
Otu0707;0;FALSE;FALSE;FALSE;FALSE
Otu0711;0;FALSE;FALSE;FALSE;FALSE
Otu0713;0;FALSE;FALSE;FALSE;FALSE
Otu0717;0;FALSE;FALSE;FALSE;FALSE
Otu0720;Inf;TRUE;TRUE;TRUE;TRUE
Otu0721;0;FALSE;FALSE;FALSE;FALSE
Otu0722;0;FALSE;FALSE;FALSE;FALSE
Otu0723;Inf;TRUE;TRUE;TRUE;TRUE
Otu0724;Inf;TRUE;TRUE;TRUE;TRUE
Otu0725;0;FALSE;FALSE;FALSE;FALSE
Otu0726;0;FALSE;FALSE;FALSE;FALSE
Otu0727;0;FALSE;FALSE;FALSE;FALSE
Otu0728;0;FALSE;FALSE;FALSE;FALSE
Otu0729;0;FALSE;FALSE;FALSE;FALSE
Otu0734;Inf;TRUE;TRUE;TRUE;TRUE
Otu0735;Inf;TRUE;TRUE;TRUE;TRUE
Otu0739;0;FALSE;FALSE;FALSE;FALSE
Otu0742;Inf;TRUE;TRUE;TRUE;TRUE
Otu0743;0;FALSE;FALSE;FALSE;FALSE
Otu0744;Inf;TRUE;TRUE;TRUE;TRUE
Otu0748;0;FALSE;FALSE;FALSE;FALSE
Otu0749;Inf;TRUE;TRUE;TRUE;TRUE
Otu0752;0;FALSE;FALSE;FALSE;FALSE
Otu0757;Inf;TRUE;TRUE;TRUE;TRUE
Otu0758;Inf;TRUE;TRUE;TRUE;TRUE
Otu0760;0;FALSE;FALSE;FALSE;FALSE
Otu0764;0;FALSE;FALSE;FALSE;FALSE
Otu0765;0;FALSE;FALSE;FALSE;FALSE
Otu0766;0;FALSE;FALSE;FALSE;FALSE
Otu0770;0;FALSE;FALSE;FALSE;FALSE
Otu0773;Inf;TRUE;TRUE;TRUE;TRUE
Otu0776;Inf;TRUE;TRUE;TRUE;TRUE
Otu0777;Inf;TRUE;TRUE;TRUE;TRUE
Otu0779;0;FALSE;FALSE;FALSE;FALSE
Otu0786;0;FALSE;FALSE;FALSE;FALSE
Otu0788;0;FALSE;FALSE;FALSE;FALSE
Otu0791;0;FALSE;FALSE;FALSE;FALSE
Otu0792;0;FALSE;FALSE;FALSE;FALSE
Otu0798;0;FALSE;FALSE;FALSE;FALSE
Otu0802;0;FALSE;FALSE;FALSE;FALSE
Otu0806;Inf;TRUE;TRUE;TRUE;TRUE
Otu0807;Inf;TRUE;TRUE;TRUE;TRUE
Otu0813;Inf;TRUE;TRUE;TRUE;TRUE
Otu0816;Inf;TRUE;TRUE;TRUE;TRUE
Otu0818;Inf;TRUE;TRUE;TRUE;TRUE
Otu0820;Inf;TRUE;TRUE;TRUE;TRUE
Otu0825;0;FALSE;FALSE;FALSE;FALSE
Otu0826;0;FALSE;FALSE;FALSE;FALSE
Otu0829;Inf;TRUE;TRUE;TRUE;TRUE
Otu0832;0;FALSE;FALSE;FALSE;FALSE
Otu0833;0;FALSE;FALSE;FALSE;FALSE
Otu0834;0;FALSE;FALSE;FALSE;FALSE
Otu0835;Inf;TRUE;TRUE;TRUE;TRUE
Otu0838;Inf;TRUE;TRUE;TRUE;TRUE
Otu0840;0;FALSE;FALSE;FALSE;FALSE
Otu0841;0;FALSE;FALSE;FALSE;FALSE
Otu0842;0;FALSE;FALSE;FALSE;FALSE
Otu0844;Inf;TRUE;TRUE;TRUE;TRUE
Otu0851;Inf;TRUE;TRUE;TRUE;TRUE
Otu0854;Inf;TRUE;TRUE;TRUE;TRUE
Otu0860;0;FALSE;FALSE;FALSE;FALSE
Otu0863;0;FALSE;FALSE;FALSE;FALSE
Otu0864;0;FALSE;FALSE;FALSE;FALSE
Otu0867;0;FALSE;FALSE;FALSE;FALSE
Otu0869;0;FALSE;FALSE;FALSE;FALSE
Otu0871;Inf;TRUE;TRUE;TRUE;TRUE
Otu0879;0;FALSE;FALSE;FALSE;FALSE
Otu0882;0;FALSE;FALSE;FALSE;FALSE
Otu0885;0;FALSE;FALSE;FALSE;FALSE
Otu0886;0;FALSE;FALSE;FALSE;FALSE
Otu0891;0;FALSE;FALSE;FALSE;FALSE
Otu0892;Inf;TRUE;TRUE;TRUE;TRUE
Otu0893;0;FALSE;FALSE;FALSE;FALSE
Otu0894;0;FALSE;FALSE;FALSE;FALSE
Otu0895;0;FALSE;FALSE;FALSE;FALSE
Otu0896;Inf;TRUE;TRUE;TRUE;TRUE
Otu0897;0;FALSE;FALSE;FALSE;FALSE
Otu0898;Inf;TRUE;TRUE;TRUE;TRUE
Otu0901;0;FALSE;FALSE;FALSE;FALSE
Otu0906;Inf;TRUE;TRUE;TRUE;TRUE
Otu0907;0;FALSE;FALSE;FALSE;FALSE
Otu0909;Inf;TRUE;TRUE;TRUE;TRUE
Otu0910;0;FALSE;FALSE;FALSE;FALSE
Otu0912;0;FALSE;FALSE;FALSE;FALSE
Otu0914;Inf;TRUE;TRUE;TRUE;TRUE
Otu0915;0;FALSE;FALSE;FALSE;FALSE
Otu0918;0;FALSE;FALSE;FALSE;FALSE
Otu0919;Inf;TRUE;TRUE;TRUE;TRUE
Otu0921;0;FALSE;FALSE;FALSE;FALSE
Otu0922;Inf;TRUE;TRUE;TRUE;TRUE
Otu0926;0;FALSE;FALSE;FALSE;FALSE
Otu0931;Inf;TRUE;TRUE;TRUE;TRUE
Otu0940;Inf;TRUE;TRUE;TRUE;TRUE
Otu0942;0;FALSE;FALSE;FALSE;FALSE
Otu0946;0;FALSE;FALSE;FALSE;FALSE
Otu0949;0;FALSE;FALSE;FALSE;FALSE
Otu0955;Inf;TRUE;TRUE;TRUE;TRUE
Otu0957;0;FALSE;FALSE;FALSE;FALSE
Otu0960;Inf;TRUE;TRUE;TRUE;TRUE
Otu0962;0;FALSE;FALSE;FALSE;FALSE
Otu0963;Inf;TRUE;TRUE;TRUE;TRUE
Otu0972;Inf;TRUE;TRUE;TRUE;TRUE
Otu0973;Inf;TRUE;TRUE;TRUE;TRUE
Otu0975;Inf;TRUE;TRUE;TRUE;TRUE
Otu0977;0;FALSE;FALSE;FALSE;FALSE
Otu0979;0;FALSE;FALSE;FALSE;FALSE
Otu0983;0;FALSE;FALSE;FALSE;FALSE
Otu0985;0;FALSE;FALSE;FALSE;FALSE
Otu0991;Inf;TRUE;TRUE;TRUE;TRUE
Otu1001;0;FALSE;FALSE;FALSE;FALSE
Otu1005;0;FALSE;FALSE;FALSE;FALSE
Otu1009;Inf;TRUE;TRUE;TRUE;TRUE
Otu1010;Inf;TRUE;TRUE;TRUE;TRUE
Otu1016;Inf;TRUE;TRUE;TRUE;TRUE
Otu1021;0;FALSE;FALSE;FALSE;FALSE
Otu1023;0;FALSE;FALSE;FALSE;FALSE
Otu1031;0;FALSE;FALSE;FALSE;FALSE
Otu1034;Inf;TRUE;TRUE;TRUE;TRUE
Otu1038;Inf;TRUE;TRUE;TRUE;TRUE
Otu1041;Inf;TRUE;TRUE;TRUE;TRUE
Otu1045;0;FALSE;FALSE;FALSE;FALSE
Otu1052;0;FALSE;FALSE;FALSE;FALSE
Otu1058;Inf;TRUE;TRUE;TRUE;TRUE
Otu1059;0;FALSE;FALSE;FALSE;FALSE
Otu1060;0;FALSE;FALSE;FALSE;FALSE
Otu1067;0;FALSE;FALSE;FALSE;FALSE
Otu1068;Inf;TRUE;TRUE;TRUE;TRUE
Otu1076;Inf;TRUE;TRUE;TRUE;TRUE
Otu1078;0;FALSE;FALSE;FALSE;FALSE
Otu1079;0;FALSE;FALSE;FALSE;FALSE
Otu1088;0;FALSE;FALSE;FALSE;FALSE
Otu1091;Inf;TRUE;TRUE;TRUE;TRUE
Otu1093;0;FALSE;FALSE;FALSE;FALSE
Otu1095;Inf;TRUE;TRUE;TRUE;TRUE
Otu1099;Inf;TRUE;TRUE;TRUE;TRUE
Otu1100;Inf;TRUE;TRUE;TRUE;TRUE
Otu1101;0;FALSE;FALSE;FALSE;FALSE
Otu1104;Inf;TRUE;TRUE;TRUE;TRUE
Otu1115;0;FALSE;FALSE;FALSE;FALSE
Otu1116;0;FALSE;FALSE;FALSE;FALSE
Otu1117;Inf;TRUE;TRUE;TRUE;TRUE
Otu1120;0;FALSE;FALSE;FALSE;FALSE
Otu1121;Inf;TRUE;TRUE;TRUE;TRUE
Otu1122;Inf;TRUE;TRUE;TRUE;TRUE
Otu1124;0;FALSE;FALSE;FALSE;FALSE
Otu1127;0;FALSE;FALSE;FALSE;FALSE
Otu1128;Inf;TRUE;TRUE;TRUE;TRUE
Otu1137;Inf;TRUE;TRUE;TRUE;TRUE
Otu1142;Inf;TRUE;TRUE;TRUE;TRUE
Otu1145;Inf;TRUE;TRUE;TRUE;TRUE
Otu1149;Inf;TRUE;TRUE;TRUE;TRUE
Otu1150;0;FALSE;FALSE;FALSE;FALSE
Otu1154;0;FALSE;FALSE;FALSE;FALSE
Otu1156;0;FALSE;FALSE;FALSE;FALSE
Otu1159;0;FALSE;FALSE;FALSE;FALSE
Otu1162;0;FALSE;FALSE;FALSE;FALSE
Otu1173;Inf;TRUE;TRUE;TRUE;TRUE
Otu1175;Inf;TRUE;TRUE;TRUE;TRUE
Otu1179;Inf;TRUE;TRUE;TRUE;TRUE
Otu1181;0;FALSE;FALSE;FALSE;FALSE
Otu1185;0;FALSE;FALSE;FALSE;FALSE
Otu1188;Inf;TRUE;TRUE;TRUE;TRUE
Otu1189;Inf;TRUE;TRUE;TRUE;TRUE
Otu1192;Inf;TRUE;TRUE;TRUE;TRUE
Otu1195;Inf;TRUE;TRUE;TRUE;TRUE
Otu1197;0;FALSE;FALSE;FALSE;FALSE
Otu1198;0;FALSE;FALSE;FALSE;FALSE
Otu1202;Inf;TRUE;TRUE;TRUE;TRUE
Otu1214;Inf;TRUE;TRUE;TRUE;TRUE
Otu1216;Inf;TRUE;TRUE;TRUE;TRUE
Otu1225;0;FALSE;FALSE;FALSE;FALSE
Otu1231;Inf;TRUE;TRUE;TRUE;TRUE
Otu1234;0;FALSE;FALSE;FALSE;FALSE
Otu1235;Inf;TRUE;TRUE;TRUE;TRUE
Otu1246;Inf;TRUE;TRUE;TRUE;TRUE
Otu1254;0;FALSE;FALSE;FALSE;FALSE
Otu1260;0;FALSE;FALSE;FALSE;FALSE
Otu1263;0;FALSE;FALSE;FALSE;FALSE
Otu1267;Inf;TRUE;TRUE;TRUE;TRUE
Otu1269;0;FALSE;FALSE;FALSE;FALSE
Otu1274;Inf;TRUE;TRUE;TRUE;TRUE
Otu1280;0;FALSE;FALSE;FALSE;FALSE
Otu1283;0;FALSE;FALSE;FALSE;FALSE
Otu1287;0;FALSE;FALSE;FALSE;FALSE
Otu1290;Inf;TRUE;TRUE;TRUE;TRUE
Otu1291;0;FALSE;FALSE;FALSE;FALSE
Otu1297;Inf;TRUE;TRUE;TRUE;TRUE
Otu1311;0;FALSE;FALSE;FALSE;FALSE
Otu1315;Inf;TRUE;TRUE;TRUE;TRUE
Otu1317;Inf;TRUE;TRUE;TRUE;TRUE
Otu1321;0;FALSE;FALSE;FALSE;FALSE
Otu1325;Inf;TRUE;TRUE;TRUE;TRUE
Otu1337;Inf;TRUE;TRUE;TRUE;TRUE
Otu1355;Inf;TRUE;TRUE;TRUE;TRUE
Otu1356;Inf;TRUE;TRUE;TRUE;TRUE
Otu1358;Inf;TRUE;TRUE;TRUE;TRUE
Otu1360;Inf;TRUE;TRUE;TRUE;TRUE
Otu1364;Inf;TRUE;TRUE;TRUE;TRUE
Otu1365;Inf;TRUE;TRUE;TRUE;TRUE
Otu1375;Inf;TRUE;TRUE;TRUE;TRUE
Otu1378;Inf;TRUE;TRUE;TRUE;TRUE
Otu1388;0;FALSE;FALSE;FALSE;FALSE
Otu1406;0;FALSE;FALSE;FALSE;FALSE
Otu1407;Inf;TRUE;TRUE;TRUE;TRUE
Otu1408;0;FALSE;FALSE;FALSE;FALSE
Otu1412;Inf;TRUE;TRUE;TRUE;TRUE
Otu1425;Inf;TRUE;TRUE;TRUE;TRUE
Otu1429;Inf;TRUE;TRUE;TRUE;TRUE
Otu1436;0;FALSE;FALSE;FALSE;FALSE
Otu1441;Inf;TRUE;TRUE;TRUE;TRUE
Otu1445;0;FALSE;FALSE;FALSE;FALSE
Otu1446;0;FALSE;FALSE;FALSE;FALSE
Otu1448;Inf;TRUE;TRUE;TRUE;TRUE
Otu1452;0;FALSE;FALSE;FALSE;FALSE
Otu1459;Inf;TRUE;TRUE;TRUE;TRUE
Otu1460;Inf;TRUE;TRUE;TRUE;TRUE
Otu1462;0;FALSE;FALSE;FALSE;FALSE
Otu1465;Inf;TRUE;TRUE;TRUE;TRUE
Otu1481;Inf;TRUE;TRUE;TRUE;TRUE
Otu1482;Inf;TRUE;TRUE;TRUE;TRUE
Otu1483;0;FALSE;FALSE;FALSE;FALSE
Otu1485;Inf;TRUE;TRUE;TRUE;TRUE
Otu1487;Inf;TRUE;TRUE;TRUE;TRUE
Otu1494;0;FALSE;FALSE;FALSE;FALSE
Otu1495;Inf;TRUE;TRUE;TRUE;TRUE
Otu1499;Inf;TRUE;TRUE;TRUE;TRUE
Otu1501;0;FALSE;FALSE;FALSE;FALSE
Otu1514;Inf;TRUE;TRUE;TRUE;TRUE
Otu1526;0;FALSE;FALSE;FALSE;FALSE
Otu1529;Inf;TRUE;TRUE;TRUE;TRUE
Otu1532;Inf;TRUE;TRUE;TRUE;TRUE
Otu1542;Inf;TRUE;TRUE;TRUE;TRUE
Otu1548;Inf;TRUE;TRUE;TRUE;TRUE
Otu1549;0;FALSE;FALSE;FALSE;FALSE
Otu1555;0;FALSE;FALSE;FALSE;FALSE
Otu1558;Inf;TRUE;TRUE;TRUE;TRUE
Otu1575;0;FALSE;FALSE;FALSE;FALSE
Otu1576;0;FALSE;FALSE;FALSE;FALSE
Otu1585;0;FALSE;FALSE;FALSE;FALSE
Otu1590;Inf;TRUE;TRUE;TRUE;TRUE
Otu1594;Inf;TRUE;TRUE;TRUE;TRUE
Otu1601;Inf;TRUE;TRUE;TRUE;TRUE
Otu1603;Inf;TRUE;TRUE;TRUE;TRUE
Otu1613;0;FALSE;FALSE;FALSE;FALSE
Otu1678;0;FALSE;FALSE;FALSE;FALSE
Otu1692;Inf;TRUE;TRUE;TRUE;TRUE
Otu1693;0;FALSE;FALSE;FALSE;FALSE
Otu1705;0;FALSE;FALSE;FALSE;FALSE
Otu1710;0;FALSE;FALSE;FALSE;FALSE
Otu1711;0;FALSE;FALSE;FALSE;FALSE
Otu1719;0;FALSE;FALSE;FALSE;FALSE
Otu1731;0;FALSE;FALSE;FALSE;FALSE
Otu1732;Inf;TRUE;TRUE;TRUE;TRUE
Otu1749;Inf;TRUE;TRUE;TRUE;TRUE
Otu1767;0;FALSE;FALSE;FALSE;FALSE
Otu1796;0;FALSE;FALSE;FALSE;FALSE
Otu1804;Inf;TRUE;TRUE;TRUE;TRUE
Otu1811;Inf;TRUE;TRUE;TRUE;TRUE
Otu1837;Inf;TRUE;TRUE;TRUE;TRUE
Otu1845;Inf;TRUE;TRUE;TRUE;TRUE
Otu1847;Inf;TRUE;TRUE;TRUE;TRUE
Otu1848;0;FALSE;FALSE;FALSE;FALSE
Otu1850;Inf;TRUE;TRUE;TRUE;TRUE
Otu1852;0;FALSE;FALSE;FALSE;FALSE
Otu1879;Inf;TRUE;TRUE;TRUE;TRUE
Otu1884;0;FALSE;FALSE;FALSE;FALSE
Otu1906;0;FALSE;FALSE;FALSE;FALSE
Otu1911;Inf;TRUE;TRUE;TRUE;TRUE
Otu1916;0;FALSE;FALSE;FALSE;FALSE
Otu1941;0;FALSE;FALSE;FALSE;FALSE
Otu1950;Inf;TRUE;TRUE;TRUE;TRUE
Otu1952;0;FALSE;FALSE;FALSE;FALSE
Otu1962;Inf;TRUE;TRUE;TRUE;TRUE
Otu1984;Inf;TRUE;TRUE;TRUE;TRUE
Otu1985;Inf;TRUE;TRUE;TRUE;TRUE
Otu1991;0;FALSE;FALSE;FALSE;FALSE
Otu2009;Inf;TRUE;TRUE;TRUE;TRUE
Otu2021;0;FALSE;FALSE;FALSE;FALSE
Otu2029;Inf;TRUE;TRUE;TRUE;TRUE
Otu2049;Inf;TRUE;TRUE;TRUE;TRUE
Otu2053;0;FALSE;FALSE;FALSE;FALSE
Otu2065;0;FALSE;FALSE;FALSE;FALSE
Otu2088;0;FALSE;FALSE;FALSE;FALSE
Otu2094;0;FALSE;FALSE;FALSE;FALSE
Otu2106;0;FALSE;FALSE;FALSE;FALSE
Otu2134;Inf;TRUE;TRUE;TRUE;TRUE
Otu2174;Inf;TRUE;TRUE;TRUE;TRUE
Otu2207;Inf;TRUE;TRUE;TRUE;TRUE
Otu2214;0;FALSE;FALSE;FALSE;FALSE
Otu2224;0;FALSE;FALSE;FALSE;FALSE
Otu2227;Inf;TRUE;TRUE;TRUE;TRUE
Otu2242;Inf;TRUE;TRUE;TRUE;TRUE
Otu2243;Inf;TRUE;TRUE;TRUE;TRUE
Otu2251;Inf;TRUE;TRUE;TRUE;TRUE
Otu2252;Inf;TRUE;TRUE;TRUE;TRUE
Otu2255;0;FALSE;FALSE;FALSE;FALSE
Otu2278;Inf;TRUE;TRUE;TRUE;TRUE
Otu2290;0;FALSE;FALSE;FALSE;FALSE
Otu2291;0;FALSE;FALSE;FALSE;FALSE
Otu2292;Inf;TRUE;TRUE;TRUE;TRUE
Otu2302;0;FALSE;FALSE;FALSE;FALSE
Otu2313;0;FALSE;FALSE;FALSE;FALSE
Otu2317;0;FALSE;FALSE;FALSE;FALSE
Otu2332;Inf;TRUE;TRUE;TRUE;TRUE
Otu2365;Inf;TRUE;TRUE;TRUE;TRUE
Otu2366;0;FALSE;FALSE;FALSE;FALSE
Otu2378;0;FALSE;FALSE;FALSE;FALSE
Otu2387;Inf;TRUE;TRUE;TRUE;TRUE
Otu2398;Inf;TRUE;TRUE;TRUE;TRUE
Otu2483;Inf;TRUE;TRUE;TRUE;TRUE
Otu2487;0;FALSE;FALSE;FALSE;FALSE
Otu2607;0;FALSE;FALSE;FALSE;FALSE
Otu2764;0;FALSE;FALSE;FALSE;FALSE
Otu2774;Inf;TRUE;TRUE;TRUE;TRUE
Otu2777;0;FALSE;FALSE;FALSE;FALSE
Otu2792;Inf;TRUE;TRUE;TRUE;TRUE
Otu2826;0;FALSE;FALSE;FALSE;FALSE
